"Status","Start Time","Stop Time","Duration in ms","Parent Suite","Suite","Sub Suite","Test Class","Test Method","Name","Description"
"passed","Sun Feb 12 00:39:08 PST 2023","Sun Feb 12 00:39:10 PST 2023","1573","Default suite","Default test","runner.TestRunner","runner.TestRunner","runScenario","Runs Cucumber Scenarios",""
"passed","Sun Feb 12 00:37:47 PST 2023","Sun Feb 12 00:37:49 PST 2023","2589","Default suite","Default test","runner.TestRunner","runner.TestRunner","runScenario","Runs Cucumber Scenarios",""
"passed","Sun Feb 12 00:36:39 PST 2023","Sun Feb 12 00:36:41 PST 2023","2400","Default suite","Default test","runner.TestRunner","runner.TestRunner","runScenario","Runs Cucumber Scenarios",""
"passed","Sun Feb 12 00:39:27 PST 2023","Sun Feb 12 00:39:28 PST 2023","1697","Default suite","Default test","runner.TestRunner","runner.TestRunner","runScenario","Runs Cucumber Scenarios",""
"passed","Sun Feb 12 00:38:57 PST 2023","Sun Feb 12 00:38:59 PST 2023","1669","Default suite","Default test","runner.TestRunner","runner.TestRunner","runScenario","Runs Cucumber Scenarios",""
"passed","Sun Feb 12 00:41:07 PST 2023","Sun Feb 12 00:41:09 PST 2023","1533","Default suite","Default test","runner.TestRunner","runner.TestRunner","runScenario","Runs Cucumber Scenarios",""
"passed","Sun Feb 12 00:37:45 PST 2023","Sun Feb 12 00:37:47 PST 2023","1815","Default suite","Default test","runner.TestRunner","runner.TestRunner","runScenario","Runs Cucumber Scenarios",""
"passed","Sun Feb 12 00:36:20 PST 2023","Sun Feb 12 00:36:21 PST 2023","1539","Default suite","Default test","runner.TestRunner","runner.TestRunner","runScenario","Runs Cucumber Scenarios",""
"passed","Sun Feb 12 00:38:35 PST 2023","Sun Feb 12 00:38:37 PST 2023","1621","Default suite","Default test","runner.TestRunner","runner.TestRunner","runScenario","Runs Cucumber Scenarios",""
"passed","Sun Feb 12 00:36:37 PST 2023","Sun Feb 12 00:36:39 PST 2023","1690","Default suite","Default test","runner.TestRunner","runner.TestRunner","runScenario","Runs Cucumber Scenarios",""
"passed","Sun Feb 12 00:35:44 PST 2023","Sun Feb 12 00:35:45 PST 2023","677","Default suite","Default test","runner.TestRunner","runner.TestRunner","runScenario","Runs Cucumber Scenarios",""
"passed","Sun Feb 12 00:37:32 PST 2023","Sun Feb 12 00:37:34 PST 2023","2525","Default suite","Default test","runner.TestRunner","runner.TestRunner","runScenario","Runs Cucumber Scenarios",""
"passed","Sun Feb 12 00:40:26 PST 2023","Sun Feb 12 00:40:29 PST 2023","2285","Default suite","Default test","runner.TestRunner","runner.TestRunner","runScenario","Runs Cucumber Scenarios",""
"passed","Sun Feb 12 00:36:45 PST 2023","Sun Feb 12 00:36:51 PST 2023","6069","Default suite","Default test","runner.TestRunner","runner.TestRunner","runScenario","Runs Cucumber Scenarios",""
"passed","Sun Feb 12 00:35:47 PST 2023","Sun Feb 12 00:35:47 PST 2023","490","Default suite","Default test","runner.TestRunner","runner.TestRunner","runScenario","Runs Cucumber Scenarios",""
"passed","Sun Feb 12 00:41:44 PST 2023","Sun Feb 12 00:41:46 PST 2023","1589","Default suite","Default test","runner.TestRunner","runner.TestRunner","runScenario","Runs Cucumber Scenarios",""
"passed","Sun Feb 12 00:39:01 PST 2023","Sun Feb 12 00:39:02 PST 2023","1515","Default suite","Default test","runner.TestRunner","runner.TestRunner","runScenario","Runs Cucumber Scenarios",""
"passed","Sun Feb 12 00:38:56 PST 2023","Sun Feb 12 00:38:57 PST 2023","1553","Default suite","Default test","runner.TestRunner","runner.TestRunner","runScenario","Runs Cucumber Scenarios",""
"passed","Sun Feb 12 00:36:07 PST 2023","Sun Feb 12 00:36:07 PST 2023","342","Default suite","Default test","runner.TestRunner","runner.TestRunner","runScenario","Runs Cucumber Scenarios",""
"passed","Sun Feb 12 00:38:10 PST 2023","Sun Feb 12 00:38:12 PST 2023","2461","Default suite","Default test","runner.TestRunner","runner.TestRunner","runScenario","Runs Cucumber Scenarios",""
"passed","Sun Feb 12 00:37:10 PST 2023","Sun Feb 12 00:37:12 PST 2023","1510","Default suite","Default test","runner.TestRunner","runner.TestRunner","runScenario","Runs Cucumber Scenarios",""
"passed","Sun Feb 12 00:38:34 PST 2023","Sun Feb 12 00:38:35 PST 2023","1294","Default suite","Default test","runner.TestRunner","runner.TestRunner","runScenario","Runs Cucumber Scenarios",""
"passed","Sun Feb 12 00:41:24 PST 2023","Sun Feb 12 00:41:26 PST 2023","1584","Default suite","Default test","runner.TestRunner","runner.TestRunner","runScenario","Runs Cucumber Scenarios",""
"passed","Sun Feb 12 00:36:07 PST 2023","Sun Feb 12 00:36:12 PST 2023","4377","Default suite","Default test","runner.TestRunner","runner.TestRunner","runScenario","Runs Cucumber Scenarios",""
"passed","Sun Feb 12 00:36:13 PST 2023","Sun Feb 12 00:36:15 PST 2023","1853","Default suite","Default test","runner.TestRunner","runner.TestRunner","runScenario","Runs Cucumber Scenarios",""
"passed","Sun Feb 12 00:36:51 PST 2023","Sun Feb 12 00:36:53 PST 2023","2568","Default suite","Default test","runner.TestRunner","runner.TestRunner","runScenario","Runs Cucumber Scenarios",""
"passed","Sun Feb 12 00:35:54 PST 2023","Sun Feb 12 00:35:55 PST 2023","937","Default suite","Default test","runner.TestRunner","runner.TestRunner","runScenario","Runs Cucumber Scenarios",""
"passed","Sun Feb 12 00:37:23 PST 2023","Sun Feb 12 00:37:29 PST 2023","6313","Default suite","Default test","runner.TestRunner","runner.TestRunner","runScenario","Runs Cucumber Scenarios",""
"passed","Sun Feb 12 00:41:16 PST 2023","Sun Feb 12 00:41:18 PST 2023","1900","Default suite","Default test","runner.TestRunner","runner.TestRunner","runScenario","Runs Cucumber Scenarios",""
"passed","Sun Feb 12 00:39:52 PST 2023","Sun Feb 12 00:39:54 PST 2023","2432","Default suite","Default test","runner.TestRunner","runner.TestRunner","runScenario","Runs Cucumber Scenarios",""
"passed","Sun Feb 12 00:40:13 PST 2023","Sun Feb 12 00:40:15 PST 2023","2433","Default suite","Default test","runner.TestRunner","runner.TestRunner","runScenario","Runs Cucumber Scenarios",""
"passed","Sun Feb 12 00:41:26 PST 2023","Sun Feb 12 00:41:27 PST 2023","1550","Default suite","Default test","runner.TestRunner","runner.TestRunner","runScenario","Runs Cucumber Scenarios",""
"passed","Sun Feb 12 00:35:51 PST 2023","Sun Feb 12 00:35:51 PST 2023","301","Default suite","Default test","runner.TestRunner","runner.TestRunner","runScenario","Runs Cucumber Scenarios",""
"passed","Sun Feb 12 00:35:42 PST 2023","Sun Feb 12 00:35:43 PST 2023","668","Default suite","Default test","runner.TestRunner","runner.TestRunner","runScenario","Runs Cucumber Scenarios",""
"passed","Sun Feb 12 00:39:18 PST 2023","Sun Feb 12 00:39:20 PST 2023","1627","Default suite","Default test","runner.TestRunner","runner.TestRunner","runScenario","Runs Cucumber Scenarios",""
"passed","Sun Feb 12 00:37:40 PST 2023","Sun Feb 12 00:37:43 PST 2023","2501","Default suite","Default test","runner.TestRunner","runner.TestRunner","runScenario","Runs Cucumber Scenarios",""
"passed","Sun Feb 12 00:36:32 PST 2023","Sun Feb 12 00:36:33 PST 2023","1639","Default suite","Default test","runner.TestRunner","runner.TestRunner","runScenario","Runs Cucumber Scenarios",""
"passed","Sun Feb 12 00:38:23 PST 2023","Sun Feb 12 00:38:26 PST 2023","2519","Default suite","Default test","runner.TestRunner","runner.TestRunner","runScenario","Runs Cucumber Scenarios",""
"passed","Sun Feb 12 00:35:48 PST 2023","Sun Feb 12 00:35:48 PST 2023","512","Default suite","Default test","runner.TestRunner","runner.TestRunner","runScenario","Runs Cucumber Scenarios",""
"passed","Sun Feb 12 00:41:00 PST 2023","Sun Feb 12 00:41:02 PST 2023","1722","Default suite","Default test","runner.TestRunner","runner.TestRunner","runScenario","Runs Cucumber Scenarios",""
"passed","Sun Feb 12 00:37:52 PST 2023","Sun Feb 12 00:37:54 PST 2023","1760","Default suite","Default test","runner.TestRunner","runner.TestRunner","runScenario","Runs Cucumber Scenarios",""
"passed","Sun Feb 12 00:38:55 PST 2023","Sun Feb 12 00:38:56 PST 2023","1207","Default suite","Default test","runner.TestRunner","runner.TestRunner","runScenario","Runs Cucumber Scenarios",""
"passed","Sun Feb 12 00:38:26 PST 2023","Sun Feb 12 00:38:29 PST 2023","3414","Default suite","Default test","runner.TestRunner","runner.TestRunner","runScenario","Runs Cucumber Scenarios",""
"failed","Sun Feb 12 00:36:41 PST 2023","Sun Feb 12 00:36:45 PST 2023","3614","Default suite","Default test","runner.TestRunner","runner.TestRunner","runScenario","Runs Cucumber Scenarios",""
"passed","Sun Feb 12 00:35:50 PST 2023","Sun Feb 12 00:35:51 PST 2023","434","Default suite","Default test","runner.TestRunner","runner.TestRunner","runScenario","Runs Cucumber Scenarios",""
"passed","Sun Feb 12 00:41:35 PST 2023","Sun Feb 12 00:41:36 PST 2023","1250","Default suite","Default test","runner.TestRunner","runner.TestRunner","runScenario","Runs Cucumber Scenarios",""
"passed","Sun Feb 12 00:37:43 PST 2023","Sun Feb 12 00:37:45 PST 2023","1905","Default suite","Default test","runner.TestRunner","runner.TestRunner","runScenario","Runs Cucumber Scenarios",""
"passed","Sun Feb 12 00:40:01 PST 2023","Sun Feb 12 00:40:04 PST 2023","2629","Default suite","Default test","runner.TestRunner","runner.TestRunner","runScenario","Runs Cucumber Scenarios",""
"passed","Sun Feb 12 00:37:58 PST 2023","Sun Feb 12 00:38:01 PST 2023","2693","Default suite","Default test","runner.TestRunner","runner.TestRunner","runScenario","Runs Cucumber Scenarios",""
"passed","Sun Feb 12 00:38:29 PST 2023","Sun Feb 12 00:38:34 PST 2023","4863","Default suite","Default test","runner.TestRunner","runner.TestRunner","runScenario","Runs Cucumber Scenarios",""
"passed","Sun Feb 12 00:35:51 PST 2023","Sun Feb 12 00:35:52 PST 2023","361","Default suite","Default test","runner.TestRunner","runner.TestRunner","runScenario","Runs Cucumber Scenarios",""
"passed","Sun Feb 12 00:37:12 PST 2023","Sun Feb 12 00:37:15 PST 2023","3255","Default suite","Default test","runner.TestRunner","runner.TestRunner","runScenario","Runs Cucumber Scenarios",""
"passed","Sun Feb 12 00:40:52 PST 2023","Sun Feb 12 00:40:53 PST 2023","1772","Default suite","Default test","runner.TestRunner","runner.TestRunner","runScenario","Runs Cucumber Scenarios",""
"passed","Sun Feb 12 00:36:17 PST 2023","Sun Feb 12 00:36:18 PST 2023","1632","Default suite","Default test","runner.TestRunner","runner.TestRunner","runScenario","Runs Cucumber Scenarios",""
"passed","Sun Feb 12 00:36:27 PST 2023","Sun Feb 12 00:36:28 PST 2023","1572","Default suite","Default test","runner.TestRunner","runner.TestRunner","runScenario","Runs Cucumber Scenarios",""
"passed","Sun Feb 12 00:38:41 PST 2023","Sun Feb 12 00:38:42 PST 2023","1496","Default suite","Default test","runner.TestRunner","runner.TestRunner","runScenario","Runs Cucumber Scenarios",""
"passed","Sun Feb 12 00:36:12 PST 2023","Sun Feb 12 00:36:13 PST 2023","1337","Default suite","Default test","runner.TestRunner","runner.TestRunner","runScenario","Runs Cucumber Scenarios",""
"passed","Sun Feb 12 00:38:47 PST 2023","Sun Feb 12 00:38:49 PST 2023","1811","Default suite","Default test","runner.TestRunner","runner.TestRunner","runScenario","Runs Cucumber Scenarios",""
"passed","Sun Feb 12 00:35:52 PST 2023","Sun Feb 12 00:35:52 PST 2023","465","Default suite","Default test","runner.TestRunner","runner.TestRunner","runScenario","Runs Cucumber Scenarios",""
"passed","Sun Feb 12 00:38:59 PST 2023","Sun Feb 12 00:39:01 PST 2023","1586","Default suite","Default test","runner.TestRunner","runner.TestRunner","runScenario","Runs Cucumber Scenarios",""
"passed","Sun Feb 12 00:39:07 PST 2023","Sun Feb 12 00:39:08 PST 2023","1445","Default suite","Default test","runner.TestRunner","runner.TestRunner","runScenario","Runs Cucumber Scenarios",""
"passed","Sun Feb 12 00:35:49 PST 2023","Sun Feb 12 00:35:50 PST 2023","508","Default suite","Default test","runner.TestRunner","runner.TestRunner","runScenario","Runs Cucumber Scenarios",""
"passed","Sun Feb 12 00:37:19 PST 2023","Sun Feb 12 00:37:21 PST 2023","1722","Default suite","Default test","runner.TestRunner","runner.TestRunner","runScenario","Runs Cucumber Scenarios",""
"passed","Sun Feb 12 00:40:24 PST 2023","Sun Feb 12 00:40:26 PST 2023","2541","Default suite","Default test","runner.TestRunner","runner.TestRunner","runScenario","Runs Cucumber Scenarios",""
"passed","Sun Feb 12 00:40:59 PST 2023","Sun Feb 12 00:41:00 PST 2023","1540","Default suite","Default test","runner.TestRunner","runner.TestRunner","runScenario","Runs Cucumber Scenarios",""
"passed","Sun Feb 12 00:38:14 PST 2023","Sun Feb 12 00:38:17 PST 2023","2516","Default suite","Default test","runner.TestRunner","runner.TestRunner","runScenario","Runs Cucumber Scenarios",""
"passed","Sun Feb 12 00:41:42 PST 2023","Sun Feb 12 00:41:44 PST 2023","1627","Default suite","Default test","runner.TestRunner","runner.TestRunner","runScenario","Runs Cucumber Scenarios",""
"passed","Sun Feb 12 00:39:13 PST 2023","Sun Feb 12 00:39:14 PST 2023","1472","Default suite","Default test","runner.TestRunner","runner.TestRunner","runScenario","Runs Cucumber Scenarios",""
"passed","Sun Feb 12 00:39:41 PST 2023","Sun Feb 12 00:39:43 PST 2023","2106","Default suite","Default test","runner.TestRunner","runner.TestRunner","runScenario","Runs Cucumber Scenarios",""
"passed","Sun Feb 12 00:36:33 PST 2023","Sun Feb 12 00:36:35 PST 2023","1745","Default suite","Default test","runner.TestRunner","runner.TestRunner","runScenario","Runs Cucumber Scenarios",""
"passed","Sun Feb 12 00:38:39 PST 2023","Sun Feb 12 00:38:41 PST 2023","1603","Default suite","Default test","runner.TestRunner","runner.TestRunner","runScenario","Runs Cucumber Scenarios",""
"passed","Sun Feb 12 00:40:15 PST 2023","Sun Feb 12 00:40:17 PST 2023","2400","Default suite","Default test","runner.TestRunner","runner.TestRunner","runScenario","Runs Cucumber Scenarios",""
"passed","Sun Feb 12 00:36:03 PST 2023","Sun Feb 12 00:36:04 PST 2023","797","Default suite","Default test","runner.TestRunner","runner.TestRunner","runScenario","Runs Cucumber Scenarios",""
"passed","Sun Feb 12 00:37:01 PST 2023","Sun Feb 12 00:37:04 PST 2023","2707","Default suite","Default test","runner.TestRunner","runner.TestRunner","runScenario","Runs Cucumber Scenarios",""
"passed","Sun Feb 12 00:39:11 PST 2023","Sun Feb 12 00:39:13 PST 2023","1464","Default suite","Default test","runner.TestRunner","runner.TestRunner","runScenario","Runs Cucumber Scenarios",""
"failed","Sun Feb 12 00:37:15 PST 2023","Sun Feb 12 00:37:19 PST 2023","4401","Default suite","Default test","runner.TestRunner","runner.TestRunner","runScenario","Runs Cucumber Scenarios",""
"passed","Sun Feb 12 00:35:44 PST 2023","Sun Feb 12 00:35:44 PST 2023","625","Default suite","Default test","runner.TestRunner","runner.TestRunner","runScenario","Runs Cucumber Scenarios",""
"passed","Sun Feb 12 00:36:05 PST 2023","Sun Feb 12 00:36:05 PST 2023","247","Default suite","Default test","runner.TestRunner","runner.TestRunner","runScenario","Runs Cucumber Scenarios",""
"passed","Sun Feb 12 00:38:20 PST 2023","Sun Feb 12 00:38:22 PST 2023","1736","Default suite","Default test","runner.TestRunner","runner.TestRunner","runScenario","Runs Cucumber Scenarios",""
"passed","Sun Feb 12 00:41:41 PST 2023","Sun Feb 12 00:41:42 PST 2023","1827","Default suite","Default test","runner.TestRunner","runner.TestRunner","runScenario","Runs Cucumber Scenarios",""
"passed","Sun Feb 12 00:41:18 PST 2023","Sun Feb 12 00:41:19 PST 2023","1624","Default suite","Default test","runner.TestRunner","runner.TestRunner","runScenario","Runs Cucumber Scenarios",""
"passed","Sun Feb 12 00:40:04 PST 2023","Sun Feb 12 00:40:06 PST 2023","2440","Default suite","Default test","runner.TestRunner","runner.TestRunner","runScenario","Runs Cucumber Scenarios",""
"passed","Sun Feb 12 00:37:38 PST 2023","Sun Feb 12 00:37:40 PST 2023","2605","Default suite","Default test","runner.TestRunner","runner.TestRunner","runScenario","Runs Cucumber Scenarios",""
"passed","Sun Feb 12 00:40:35 PST 2023","Sun Feb 12 00:40:38 PST 2023","3542","Default suite","Default test","runner.TestRunner","runner.TestRunner","runScenario","Runs Cucumber Scenarios",""
"passed","Sun Feb 12 00:39:20 PST 2023","Sun Feb 12 00:39:22 PST 2023","1701","Default suite","Default test","runner.TestRunner","runner.TestRunner","runScenario","Runs Cucumber Scenarios",""
"passed","Sun Feb 12 00:35:49 PST 2023","Sun Feb 12 00:35:49 PST 2023","477","Default suite","Default test","runner.TestRunner","runner.TestRunner","runScenario","Runs Cucumber Scenarios",""
"passed","Sun Feb 12 00:36:25 PST 2023","Sun Feb 12 00:36:27 PST 2023","1857","Default suite","Default test","runner.TestRunner","runner.TestRunner","runScenario","Runs Cucumber Scenarios",""
"passed","Sun Feb 12 00:38:07 PST 2023","Sun Feb 12 00:38:10 PST 2023","3086","Default suite","Default test","runner.TestRunner","runner.TestRunner","runScenario","Runs Cucumber Scenarios",""
"passed","Sun Feb 12 00:35:46 PST 2023","Sun Feb 12 00:35:47 PST 2023","582","Default suite","Default test","runner.TestRunner","runner.TestRunner","runScenario","Runs Cucumber Scenarios",""
"passed","Sun Feb 12 00:40:50 PST 2023","Sun Feb 12 00:40:52 PST 2023","1645","Default suite","Default test","runner.TestRunner","runner.TestRunner","runScenario","Runs Cucumber Scenarios",""
"passed","Sun Feb 12 00:39:16 PST 2023","Sun Feb 12 00:39:17 PST 2023","1361","Default suite","Default test","runner.TestRunner","runner.TestRunner","runScenario","Runs Cucumber Scenarios",""
"passed","Sun Feb 12 00:36:21 PST 2023","Sun Feb 12 00:36:23 PST 2023","1593","Default suite","Default test","runner.TestRunner","runner.TestRunner","runScenario","Runs Cucumber Scenarios",""
"passed","Sun Feb 12 00:36:06 PST 2023","Sun Feb 12 00:36:07 PST 2023","906","Default suite","Default test","runner.TestRunner","runner.TestRunner","runScenario","Runs Cucumber Scenarios",""
"passed","Sun Feb 12 00:35:50 PST 2023","Sun Feb 12 00:35:50 PST 2023","495","Default suite","Default test","runner.TestRunner","runner.TestRunner","runScenario","Runs Cucumber Scenarios",""
"passed","Sun Feb 12 00:39:10 PST 2023","Sun Feb 12 00:39:11 PST 2023","1539","Default suite","Default test","runner.TestRunner","runner.TestRunner","runScenario","Runs Cucumber Scenarios",""
"passed","Sun Feb 12 00:37:29 PST 2023","Sun Feb 12 00:37:32 PST 2023","2621","Default suite","Default test","runner.TestRunner","runner.TestRunner","runScenario","Runs Cucumber Scenarios",""
"passed","Sun Feb 12 00:37:36 PST 2023","Sun Feb 12 00:37:38 PST 2023","1622","Default suite","Default test","runner.TestRunner","runner.TestRunner","runScenario","Runs Cucumber Scenarios",""
"passed","Sun Feb 12 00:39:50 PST 2023","Sun Feb 12 00:39:52 PST 2023","2034","Default suite","Default test","runner.TestRunner","runner.TestRunner","runScenario","Runs Cucumber Scenarios",""
"passed","Sun Feb 12 00:36:28 PST 2023","Sun Feb 12 00:36:30 PST 2023","1777","Default suite","Default test","runner.TestRunner","runner.TestRunner","runScenario","Runs Cucumber Scenarios",""
"passed","Sun Feb 12 00:35:43 PST 2023","Sun Feb 12 00:35:44 PST 2023","725","Default suite","Default test","runner.TestRunner","runner.TestRunner","runScenario","Runs Cucumber Scenarios",""
"passed","Sun Feb 12 00:35:46 PST 2023","Sun Feb 12 00:35:46 PST 2023","641","Default suite","Default test","runner.TestRunner","runner.TestRunner","runScenario","Runs Cucumber Scenarios",""
"failed","Sun Feb 12 00:36:53 PST 2023","Sun Feb 12 00:37:01 PST 2023","7917","Default suite","Default test","runner.TestRunner","runner.TestRunner","runScenario","Runs Cucumber Scenarios",""
"passed","Sun Feb 12 00:36:23 PST 2023","Sun Feb 12 00:36:25 PST 2023","1811","Default suite","Default test","runner.TestRunner","runner.TestRunner","runScenario","Runs Cucumber Scenarios",""
"passed","Sun Feb 12 00:36:18 PST 2023","Sun Feb 12 00:36:20 PST 2023","1586","Default suite","Default test","runner.TestRunner","runner.TestRunner","runScenario","Runs Cucumber Scenarios",""
"passed","Sun Feb 12 00:35:41 PST 2023","Sun Feb 12 00:35:42 PST 2023","1512","Default suite","Default test","runner.TestRunner","runner.TestRunner","runScenario","Runs Cucumber Scenarios",""
"passed","Sun Feb 12 00:35:48 PST 2023","Sun Feb 12 00:35:49 PST 2023","508","Default suite","Default test","runner.TestRunner","runner.TestRunner","runScenario","Runs Cucumber Scenarios",""
"passed","Sun Feb 12 00:41:27 PST 2023","Sun Feb 12 00:41:30 PST 2023","2538","Default suite","Default test","runner.TestRunner","runner.TestRunner","runScenario","Runs Cucumber Scenarios",""
"passed","Sun Feb 12 00:38:44 PST 2023","Sun Feb 12 00:38:46 PST 2023","1874","Default suite","Default test","runner.TestRunner","runner.TestRunner","runScenario","Runs Cucumber Scenarios",""
"passed","Sun Feb 12 00:37:34 PST 2023","Sun Feb 12 00:37:36 PST 2023","1700","Default suite","Default test","runner.TestRunner","runner.TestRunner","runScenario","Runs Cucumber Scenarios",""
"passed","Sun Feb 12 00:38:46 PST 2023","Sun Feb 12 00:38:47 PST 2023","1689","Default suite","Default test","runner.TestRunner","runner.TestRunner","runScenario","Runs Cucumber Scenarios",""
"passed","Sun Feb 12 00:38:04 PST 2023","Sun Feb 12 00:38:07 PST 2023","2663","Default suite","Default test","runner.TestRunner","runner.TestRunner","runScenario","Runs Cucumber Scenarios",""
"passed","Sun Feb 12 00:40:38 PST 2023","Sun Feb 12 00:40:40 PST 2023","1676","Default suite","Default test","runner.TestRunner","runner.TestRunner","runScenario","Runs Cucumber Scenarios",""
"passed","Sun Feb 12 00:38:53 PST 2023","Sun Feb 12 00:38:55 PST 2023","1886","Default suite","Default test","runner.TestRunner","runner.TestRunner","runScenario","Runs Cucumber Scenarios",""
"passed","Sun Feb 12 00:36:30 PST 2023","Sun Feb 12 00:36:32 PST 2023","1874","Default suite","Default test","runner.TestRunner","runner.TestRunner","runScenario","Runs Cucumber Scenarios",""
"passed","Sun Feb 12 00:36:05 PST 2023","Sun Feb 12 00:36:05 PST 2023","242","Default suite","Default test","runner.TestRunner","runner.TestRunner","runScenario","Runs Cucumber Scenarios",""
"passed","Sun Feb 12 00:41:30 PST 2023","Sun Feb 12 00:41:33 PST 2023","2539","Default suite","Default test","runner.TestRunner","runner.TestRunner","runScenario","Runs Cucumber Scenarios",""
"passed","Sun Feb 12 00:38:12 PST 2023","Sun Feb 12 00:38:14 PST 2023","2087","Default suite","Default test","runner.TestRunner","runner.TestRunner","runScenario","Runs Cucumber Scenarios",""
"passed","Sun Feb 12 00:38:01 PST 2023","Sun Feb 12 00:38:02 PST 2023","1666","Default suite","Default test","runner.TestRunner","runner.TestRunner","runScenario","Runs Cucumber Scenarios",""
"passed","Sun Feb 12 00:39:39 PST 2023","Sun Feb 12 00:39:41 PST 2023","1579","Default suite","Default test","runner.TestRunner","runner.TestRunner","runScenario","Runs Cucumber Scenarios",""
"passed","Sun Feb 12 00:37:49 PST 2023","Sun Feb 12 00:37:52 PST 2023","2483","Default suite","Default test","runner.TestRunner","runner.TestRunner","runScenario","Runs Cucumber Scenarios",""
"passed","Sun Feb 12 00:38:02 PST 2023","Sun Feb 12 00:38:04 PST 2023","1850","Default suite","Default test","runner.TestRunner","runner.TestRunner","runScenario","Runs Cucumber Scenarios",""
"passed","Sun Feb 12 00:35:45 PST 2023","Sun Feb 12 00:35:46 PST 2023","653","Default suite","Default test","runner.TestRunner","runner.TestRunner","runScenario","Runs Cucumber Scenarios",""
"passed","Sun Feb 12 00:41:46 PST 2023","Sun Feb 12 00:41:47 PST 2023","1407","Default suite","Default test","runner.TestRunner","runner.TestRunner","runScenario","Runs Cucumber Scenarios",""
"passed","Sun Feb 12 00:35:50 PST 2023","Sun Feb 12 00:35:50 PST 2023","382","Default suite","Default test","runner.TestRunner","runner.TestRunner","runScenario","Runs Cucumber Scenarios",""
"passed","Sun Feb 12 00:39:14 PST 2023","Sun Feb 12 00:39:16 PST 2023","1489","Default suite","Default test","runner.TestRunner","runner.TestRunner","runScenario","Runs Cucumber Scenarios",""
"passed","Sun Feb 12 00:37:54 PST 2023","Sun Feb 12 00:37:55 PST 2023","1643","Default suite","Default test","runner.TestRunner","runner.TestRunner","runScenario","Runs Cucumber Scenarios",""
"passed","Sun Feb 12 00:36:04 PST 2023","Sun Feb 12 00:36:05 PST 2023","300","Default suite","Default test","runner.TestRunner","runner.TestRunner","runScenario","Runs Cucumber Scenarios",""
"passed","Sun Feb 12 00:38:49 PST 2023","Sun Feb 12 00:38:51 PST 2023","1884","Default suite","Default test","runner.TestRunner","runner.TestRunner","runScenario","Runs Cucumber Scenarios",""
"passed","Sun Feb 12 00:36:04 PST 2023","Sun Feb 12 00:36:04 PST 2023","408","Default suite","Default test","runner.TestRunner","runner.TestRunner","runScenario","Runs Cucumber Scenarios",""
"passed","Sun Feb 12 00:41:33 PST 2023","Sun Feb 12 00:41:34 PST 2023","1959","Default suite","Default test","runner.TestRunner","runner.TestRunner","runScenario","Runs Cucumber Scenarios",""
"passed","Sun Feb 12 00:38:37 PST 2023","Sun Feb 12 00:38:39 PST 2023","2004","Default suite","Default test","runner.TestRunner","runner.TestRunner","runScenario","Runs Cucumber Scenarios",""
"passed","Sun Feb 12 00:39:22 PST 2023","Sun Feb 12 00:39:24 PST 2023","2505","Default suite","Default test","runner.TestRunner","runner.TestRunner","runScenario","Runs Cucumber Scenarios",""
"passed","Sun Feb 12 00:38:22 PST 2023","Sun Feb 12 00:38:23 PST 2023","1564","Default suite","Default test","runner.TestRunner","runner.TestRunner","runScenario","Runs Cucumber Scenarios",""
"passed","Sun Feb 12 00:37:21 PST 2023","Sun Feb 12 00:37:23 PST 2023","1875","Default suite","Default test","runner.TestRunner","runner.TestRunner","runScenario","Runs Cucumber Scenarios",""
"passed","Sun Feb 12 00:39:02 PST 2023","Sun Feb 12 00:39:04 PST 2023","1489","Default suite","Default test","runner.TestRunner","runner.TestRunner","runScenario","Runs Cucumber Scenarios",""
"passed","Sun Feb 12 00:39:05 PST 2023","Sun Feb 12 00:39:07 PST 2023","1553","Default suite","Default test","runner.TestRunner","runner.TestRunner","runScenario","Runs Cucumber Scenarios",""
"passed","Sun Feb 12 00:37:55 PST 2023","Sun Feb 12 00:37:58 PST 2023","2738","Default suite","Default test","runner.TestRunner","runner.TestRunner","runScenario","Runs Cucumber Scenarios",""
"passed","Sun Feb 12 00:36:05 PST 2023","Sun Feb 12 00:36:06 PST 2023","620","Default suite","Default test","runner.TestRunner","runner.TestRunner","runScenario","Runs Cucumber Scenarios",""
"passed","Sun Feb 12 00:38:42 PST 2023","Sun Feb 12 00:38:44 PST 2023","1793","Default suite","Default test","runner.TestRunner","runner.TestRunner","runScenario","Runs Cucumber Scenarios",""
"passed","Sun Feb 12 00:36:35 PST 2023","Sun Feb 12 00:36:37 PST 2023","1657","Default suite","Default test","runner.TestRunner","runner.TestRunner","runScenario","Runs Cucumber Scenarios",""
"passed","Sun Feb 12 00:38:51 PST 2023","Sun Feb 12 00:38:53 PST 2023","1491","Default suite","Default test","runner.TestRunner","runner.TestRunner","runScenario","Runs Cucumber Scenarios",""
"passed","Sun Feb 12 00:39:28 PST 2023","Sun Feb 12 00:39:30 PST 2023","1633","Default suite","Default test","runner.TestRunner","runner.TestRunner","runScenario","Runs Cucumber Scenarios",""
"passed","Sun Feb 12 00:39:04 PST 2023","Sun Feb 12 00:39:05 PST 2023","1592","Default suite","Default test","runner.TestRunner","runner.TestRunner","runScenario","Runs Cucumber Scenarios",""
"passed","Sun Feb 12 00:41:09 PST 2023","Sun Feb 12 00:41:10 PST 2023","1587","Default suite","Default test","runner.TestRunner","runner.TestRunner","runScenario","Runs Cucumber Scenarios",""
"passed","Sun Feb 12 00:39:17 PST 2023","Sun Feb 12 00:39:18 PST 2023","1247","Default suite","Default test","runner.TestRunner","runner.TestRunner","runScenario","Runs Cucumber Scenarios",""
"passed","Sun Feb 12 00:38:17 PST 2023","Sun Feb 12 00:38:20 PST 2023","2844","Default suite","Default test","runner.TestRunner","runner.TestRunner","runScenario","Runs Cucumber Scenarios",""
